"activity_id","activity_date","developer","project_code","project_name","requirement_id","deliverable_id","activity_type","activity_title","activity_summary","systems_touched","files_touched","evidence_refs","reusable_asset_created","reusable_pattern","validation_rule","gap_or_risk","next_action","status","priority","llm_queryable","company_knowledge_candidate","memory_tags","source_skill_file"
"D02-A11","2026-06-23","sarujanan","wlsp","AIOS Weekly Leakage Identification","DP-WLSP-REQ-01","D02","correction","Applied audit corrections C-1 to C-7 and re-graded VALIDATION_AUDIT to clean PASS","Closed all 7 documentation-quality corrections from VALIDATION_AUDIT - row counts labelled pg_stat estimates; protocol PPC Oct-2025 reconciled to observed 2025-01-01; framework purpose and pattern mapping labelled as inference; the phrase more accurate reworded to uses actual Amazon fees; the GBP96k figure given an inline caveat; a source-of-figures pointer added; and the 24-observed vs 28-protocol PH count made explicit. Edited existing files only; audit re-graded from PASS WITH WARNINGS to PASS.","filesystem","AIOS_Weekly_Leakage_Identification/VALIDATION_AUDIT.md,AIOS_Weekly_Leakage_Identification/CORRECTION_SUMMARY.md,AIOS_Weekly_Leakage_Identification/README.md,AIOS_Weekly_Leakage_Identification/requirements/REQ-001_WEEKLY_LEAKAGE_PROTOCOL.md,AIOS_Weekly_Leakage_Identification/discovery/PHASE1_EXISTING_ASSET_SCAN.md,AIOS_Weekly_Leakage_Identification/discovery/PHASE2_LEAKAGE_FRAMEWORK_REVIEW.md,AIOS_Weekly_Leakage_Identification/architecture_review/OPTION_B_EXTEND_EXISTING.md,AIOS_Weekly_Leakage_Identification/architecture_review/FINAL_ARCHITECTURE_DECISION.md","CORRECTION_SUMMARY.md (grep-verified C-1..C-7); VALIDATION_AUDIT.md re-grade","false","","All C-1 to C-7 applied and the audit re-grades to PASS with zero open warnings","","Proceed to OPTION B build on Bietrick sign-off","completed","medium","true","false","correction,audit,evidence-first,d01-closure","AIOS_Weekly_Leakage_Identification/CORRECTION_SUMMARY.md"
"D02-A12","2026-06-23","sarujanan","wlsp","AIOS Weekly Leakage Identification","DP-WLSP-REQ-01","D02","documentation","Created WLSP Daily Requirement Document","Authored the WLSP daily requirement document in the standard 8-block structure - metadata, today requirement, business logic, data enrichment, evidence, current status, queryability and final assessment. Populated from project evidence only; marked expected_deadline_date as not present in source evidence rather than inventing it; recorded end_user as Bietrick and ROI as GBP800 to GBP1500 per week from the protocol.","filesystem","AIOS_Weekly_Leakage_Identification/daily_work_logs/2026-06-22_sarujanan_REQ-wlsp_D01.md","2026-06-22_sarujanan_REQ-wlsp_D01.md","false","","Every requirement field must trace to a project file or be marked not-in-source","expected_deadline_date is not present in WLSP source evidence","","completed","medium","true","false","documentation,requirement-document,d01","AIOS_Weekly_Leakage_Identification/daily_work_logs/2026-06-22_sarujanan_REQ-wlsp_D01.md"
"D02-A13","2026-06-23","sarujanan","wlsp","AIOS Weekly Leakage Identification","DP-WLSP-REQ-01","D02","documentation","Created WLSP daily SKILL.md knowledge-extraction file","Produced the daily skill file using the DIGITWEB v3.0 template - full metadata block plus sections 1 to 9 and the submission checklist. Captured system state, what changed today, database findings, gaps, validation rules, failure modes, decisions, the company-knowledge extract and the LLM standard check. Three-AM standard self-assessment marked PASS.","filesystem","AIOS_Weekly_Leakage_Identification/daily_work_logs/2026-06-22__sarujanan__wlsp__REQ-01-D01.md","2026-06-22__sarujanan__wlsp__REQ-01-D01.md","true","Daily SKILL.md knowledge-extraction template (DIGITWEB v3.0) populated from evidence only","Three-AM standard - an unknown developer can continue from the file alone","","","completed","medium","true","true","skill-file,knowledge-extraction,three-am-standard,d01","AIOS_Weekly_Leakage_Identification/daily_work_logs/2026-06-22__sarujanan__wlsp__REQ-01-D01.md"
"D02-A14","2026-06-23","sarujanan","wlsp","AIOS Weekly Leakage Identification","DP-WLSP-REQ-01","D02","analysis","WLSP next-action and management status analysis","Assessed D01 versus full-project completion - the D01 investigation is about 95 percent complete and the full WLSP project about 30 percent. Determined the next executable task is to apply corrections C-1 to C-7 then begin the OPTION B build, which is gated on Bietrick sign-off. Estimated about 8 working days remaining for the in-scope build excluding the external DQ-1 ETL fix.","analysis","","AIOS_Weekly_Leakage_Identification/VALIDATION_RESULT.md,AIOS_Weekly_Leakage_Identification/architecture_review/FINAL_ARCHITECTURE_DECISION.md,AIOS_Weekly_Leakage_Identification/POSTGRES_DATA_GAP_ANALYSIS.md; VALIDATION_RESULT.md; FINAL_ARCHITECTURE_DECISION.md","false","","Status claims must trace to workspace evidence","Build blocked on OPTION B sign-off; external DQ-1 ETL fix has no internal ETA","Secure OPTION B sign-off then begin L1 at ASIN level","completed","medium","true","false","status,next-action,planning,option-b","AIOS_Weekly_Leakage_Identification/closure/DAILY_CLOSURE_REPORT.md"
"D02-A15","2026-06-23","sarujanan","wlsp","AIOS Weekly Leakage Identification","DP-WLSP-REQ-01","D02","investigation","Existing leakage framework and population-method investigation","Confirmed the development leakage tables and the PH action board are populated by an external daily batch - created_at clusters near 08:00 with dated detection_run_id values - and that there is no in-database trigger, function or pg_cron scheduler. Identified the downstream consumers (priority engine, kill-timer status, top-10 leakage and the PH action board). Recorded that detections remain OPEN with zero closures.","postgres","","information_schema.triggers (empty); pg_proc (no writers); pg_extension (no cron); detection_run_id timestamps","false","","The populator must be shown from real metadata or proven absent","The leakage tables are externally owned - any WLSP write needs a run_id and analysis_type convention agreed with the external ETL owner","Coordinate run_id and analysis_type convention with the external ETL owner before any persistence","completed","high","true","true","investigation,etl,population-method,external-batch,duplicate-truth","AIOS_Weekly_Leakage_Identification/ETL_TRACE_DQ1.md"
"D02-A16","2026-06-23","sarujanan","wlsp","AIOS Weekly Leakage Identification","DP-WLSP-REQ-01","D02","analysis","L1-L5 coverage and gap-size determination versus the existing framework","Determined the existing framework supports zero analyses for reuse without modification, L2 is reusable with minor modification because the 25 percent threshold already matches, and L1, L3, L4 and L5 require new calculations. Confirmed the leakage tables are a derived summary and lifecycle layer that holds no PPC, no raw revenue, no raw shipping cost and no refund-count fields, so they cannot serve as the calculation source.","postgres","","leakage_detection column inventory (no ppc/spend); leakage_classification cost-percent fields; COVERAGE_MATRIX.md","false","","Each coverage verdict must cite a field-level fact","L2 is the only direct rule match; all other analyses must be calculated from source tables","Calculate L1-L5 directly from source tables","completed","high","true","true","coverage,gap-analysis,l1-l5,leakage-framework","AIOS_Weekly_Leakage_Identification/validation/COVERAGE_MATRIX.md"
"D02-A17","2026-06-23","sarujanan","wlsp","AIOS Weekly Leakage Identification","DP-WLSP-REQ-01","D02","validation","WLSP source-data validation across the four source tables","Profiled ppc_performance, order_transaction, order_shipping_billing_detail and amazon_returns for row counts, date coverage, key-field nulls and ASIN, SKU and PH availability. Found all five analyses calculable directly from source with readiness about 85 to 95 percent and no hard blockers. Produced the source-data readiness matrix, the missing-field report and the blocker report.","postgres","","source-table profile queries (read-only); SOURCE_DATA_READINESS_MATRIX; MISSING_FIELD_REPORT; BLOCKER_REPORT","false","","Each analysis must return data when scoped to its protocol window","DQ-1 PPC PH attribution and DQ-2 refund reconciliation remain known limitations but are not hard blockers; PPC queries must be window-scoped to avoid timeout","Proceed to calculation design","completed","high","true","true","validation,source-data,readiness,dq-1,dq-2","AIOS_Weekly_Leakage_Identification/POSTGRES_DATA_GAP_ANALYSIS.md"
"D02-A18","2026-06-23","sarujanan","wlsp","AIOS Weekly Leakage Identification","DP-WLSP-REQ-01","D02","design","L1-L5 calculation design document","Authored CALCULATION_DESIGN.md specifying for each analysis the source tables, source columns, exact formula, filters, date window, join logic, grouping level, output columns, PH assignment method and data-quality risks. Flagged that shipping must be de-duplicated per order_id before any ASIN ratio and that PPC must be window-scoped. Recommended a hybrid - render the report from source on demand and persist only the flagged set into the existing lifecycle for closure.","filesystem","AIOS_Weekly_Leakage_Identification/CALCULATION_DESIGN.md","CALCULATION_DESIGN.md","true","Source-query calculation-design template per analysis - tables, columns, formula, filters, window, join, grain, output, PH method and DQ risks","Every analysis must define all ten design elements and a justified store-vs-generate decision","Pure on-demand cannot support the Monday verification; any persistence is gated on OPTION B sign-off","Implement L1 first at ASIN level on OPTION B sign-off","completed","high","true","true","design,calculation,formulas,render-vs-store,hybrid","AIOS_Weekly_Leakage_Identification/CALCULATION_DESIGN.md"
"D02-A19","2026-06-23","sarujanan","wlsp","AIOS Weekly Leakage Identification","DP-WLSP-REQ-01","D02","investigation","Closure-lifecycle capability audit of the existing PH workflow","Verified the existing workflow already models the full closure lifecycle - the development.actions spine carries status, completed_date, evidence and economics and is guarded by a BEFORE UPDATE trigger that enforces evidence on close; an 11-state status taxonomy already includes VERIFIED, CLOSED and PREVENTION_CONFIRMED; a verification table records the validator and before/after metrics; and a verification schedule of 82 rows carries day 3, 7, 15, 30 and 60 due dates for periodic verification. Concluded that no new WLSP tracking or storage tables are required.","postgres","","information_schema.columns and table_constraints; triggers (trg_enforce_evidence_on_close); ph_lifecycle_status_taxonomy_v1 (11 rows); ph_action_verification_schedule_v1 (82 rows)","false","","Reuse the existing lifecycle - do not create a parallel tracking table","The lifecycle tables are near-empty which is a maturity gap - the capability exists but has not yet been exercised end to end","Exercise the existing lifecycle rather than build new storage","completed","high","true","true","investigation,closure-lifecycle,verification,no-new-tables,single-source-of-truth","AIOS_Weekly_Leakage_Identification/CALCULATION_DESIGN.md"
"D02-A20","2026-06-23","sarujanan","wlsp","AIOS Weekly Leakage Identification","DP-WLSP-REQ-01","D02","validation","End-of-day memory-import verification for tbl_wlsp_sarujanan","Confirmed daily_task.tbl_wlsp_sarujanan is a developer activity-memory table holding zero leakage or transactional columns, and that importing developer activity records creates no duplicate truth with leakage_detection, leakage_classification, ph_daily_actions or actions because the domains and grains differ. Verified activity_id is the primary key for idempotent dedup and that existing rows are D01-A01 to D01-A10, so new end-of-day rows start at D01-A11. Import verdict PASS.","postgres","AIOS_Weekly_Leakage_Identification/daily_work_logs/2026_06_22_wlsp_work_log_EOD.csv","column-contract check (leakage_columns_present = 0); existing_ids D01-A01 to D01-A10","false","","Activity-memory only - never store leakage results in daily_task","The developer-activity stream must stay separate from the leakage-findings stream","Import D01-A11 to D01-A20 via ON CONFLICT (activity_id) DO UPDATE after approval","completed","medium","true","false","validation,memory-import,duplicate-truth,activity_id-dedup,eod","AIOS_Weekly_Leakage_Identification/daily_work_logs/2026_06_22_wlsp_work_log_EOD.csv"
